Workbook

Sheet Задание 2.0
A1: день рождения | B1: месяц рождения | C1: год рождения | D1: номер дома | E1: номер квартиры | F1: номер варианта
A2: 12 | B2: 6 | C2: 2000 | D2: 1 | E2: 57 | F2: 50

Sheet Задание 2.1
A1: Задача 1
A3: x | B3: -6 | C3: -4 | D3: -2 | E3: 0 | F3: 2 | G3: 4 | H3: 6
A4: y | B4: =ABS('Задание 2.0'!$F$2/'Задание 2.0'!$A$2+ABS(B3)) -> 10.166667 | C4: =ABS('Задание 2.0'!$F$2/'Задание 2.0'!$A$2+ABS(C3)) -> 8.1666667 | D4: =ABS('Задание 2.0'!$F$2/'Задание 2.0'!$A$2+ABS(D3)) -> 6.1666667 | E4: =ABS('Задание 2.0'!$F$2/'Задание 2.0'!$A$2+ABS(E3)) -> 4.1666667 | F4: =ABS('Задание 2.0'!$F$2/'Задание 2.0'!$A$2+ABS(F3)) -> 6.1666667 | G4: =ABS('Задание 2.0'!$F$2/'Задание 2.0'!$A$2+ABS(G3)) -> 8.1666667 | H4: =ABS('Задание 2.0'!$F$2/'Задание 2.0'!$A$2+ABS(H3)) -> 10.166667
A25: Задача 2
A27: с | B27: =MOD('Задание 2.0'!C2,2) -> 0
A29: x | B29: -2.5 | C29: -1.5 | D29: -0.75 | E29: -0.25 | F29: 0 | G29: 0.25 | H29: 0.75 | I29: 1.5 | J29: 2
A30: y | B30: ='Задание 2.0'!$A$2*POWER('Задание 2.1'!B29,2)+'Задание 2.0'!$B$2*'Задание 2.1'!B29+'Задание 2.1'!B27 -> 60 | C30: ='Задание 2.0'!$A$2*POWER('Задание 2.1'!C29,2)+'Задание 2.0'!$B$2*'Задание 2.1'!C29+'Задание 2.1'!C27 -> 18 | D30: ='Задание 2.0'!$A$2*POWER('Задание 2.1'!D29,2)+'Задание 2.0'!$B$2*'Задание 2.1'!D29+'Задание 2.1'!D27 -> 2.25 | E30: ='Задание 2.0'!$A$2*POWER('Задание 2.1'!E29,2)+'Задание 2.0'!$B$2*'Задание 2.1'!E29+'Задание 2.1'!E27 -> -0.75 | F30: ='Задание 2.0'!$A$2*POWER('Задание 2.1'!F29,2)+'Задание 2.0'!$B$2*'Задание 2.1'!F29+'Задание 2.1'!F27 -> 0 | G30: ='Задание 2.0'!$A$2*POWER('Задание 2.1'!G29,2)+'Задание 2.0'!$B$2*'Задание 2.1'!G29+'Задание 2.1'!G27 -> 2.25 | H30: ='Задание 2.0'!$A$2*POWER('Задание 2.1'!H29,2)+'Задание 2.0'!$B$2*'Задание 2.1'!H29+'Задание 2.1'!H27 -> 11.25 | I30: ='Задание 2.0'!$A$2*POWER('Задание 2.1'!I29,2)+'Задание 2.0'!$B$2*'Задание 2.1'!I29+'Задание 2.1'!I27 -> 36 | J30: ='Задание 2.0'!$A$2*POWER('Задание 2.1'!J29,2)+'Задание 2.0'!$B$2*'Задание 2.1'!J29+'Задание 2.1'!J27 -> 60
A51: Задача 3
A53: x | B53: -2 | C53: -1.5 | D53: -1.25 | E53: -1 | F53: -0.75 | G53: -0.25 | H53: 0 | I53: 0.5 | J53: 1 | K53: 1.5 | L53: 2 | M53: 2.5 | N53: 3 | O53: 3.5 | P53: 4 | Q53: 4.5
A54: y | B54: =ABS(-5*POWER(B53,2)+AVERAGE('Задание 2.0'!$A$2,'Задание 2.0'!$B$2,'Задание 2.0'!$F$2)*B53+AVERAGE('Задание 2.0'!$D$2,'Задание 2.0'!$E$2,2)) -> 45.333333 | C54: =ABS(-5*POWER(C53,2)+AVERAGE('Задание 2.0'!$A$2,'Задание 2.0'!$B$2,'Задание 2.0'!$F$2)*C53+AVERAGE('Задание 2.0'!$D$2,'Задание 2.0'!$E$2,2)) -> 25.25 | D54: =ABS(-5*POWER(D53,2)+AVERAGE('Задание 2.0'!$A$2,'Задание 2.0'!$B$2,'Задание 2.0'!$F$2)*D53+AVERAGE('Задание 2.0'!$D$2,'Задание 2.0'!$E$2,2)) -> 16.145833 | E54: =ABS(-5*POWER(E53,2)+AVERAGE('Задание 2.0'!$A$2,'Задание 2.0'!$B$2,'Задание 2.0'!$F$2)*E53+AVERAGE('Задание 2.0'!$D$2,'Задание 2.0'!$E$2,2)) -> 7.6666667 | F54: =ABS(-5*POWER(F53,2)+AVERAGE('Задание 2.0'!$A$2,'Задание 2.0'!$B$2,'Задание 2.0'!$F$2)*F53+AVERAGE('Задание 2.0'!$D$2,'Задание 2.0'!$E$2,2)) -> 0.1875 | G54: =ABS(-5*POWER(G53,2)+AVERAGE('Задание 2.0'!$A$2,'Задание 2.0'!$B$2,'Задание 2.0'!$F$2)*G53+AVERAGE('Задание 2.0'!$D$2,'Задание 2.0'!$E$2,2)) -> 14.020833 | H54: =ABS(-5*POWER(H53,2)+AVERAGE('Задание 2.0'!$A$2,'Задание 2.0'!$B$2,'Задание 2.0'!$F$2)*H53+AVERAGE('Задание 2.0'!$D$2,'Задание 2.0'!$E$2,2)) -> 20 | I54: =ABS(-5*POWER(I53,2)+AVERAGE('Задание 2.0'!$A$2,'Задание 2.0'!$B$2,'Задание 2.0'!$F$2)*I53+AVERAGE('Задание 2.0'!$D$2,'Задание 2.0'!$E$2,2)) -> 30.083333 | ... Q54: =ABS(-5*POWER(Q53,2)+AVERAGE('Задание 2.0'!$A$2,'Задание 2.0'!$B$2,'Задание 2.0'!$F$2)*Q53+AVERAGE('Задание 2.0'!$D$2,'Задание 2.0'!$E$2,2)) -> 20.75
A75: Задача 4
A77: y | B77: =LOG(GCD('Задание 2.0'!$A$2,'Задание 2.0'!$E$2)*'Задание 2.0'!$F$2,ABS('Задание 2.0'!$D$2-'Задание 2.0'!$A$2)*3) -> 1.43304 | C77: =LOG(GCD('Задание 2.0'!$A$2,'Задание 2.0'!$E$2)*'Задание 2.0'!$F$2,ABS('Задание 2.0'!$D$2-'Задание 2.0'!$A$2)*3) -> 1.43304 | D77: =LOG(GCD('Задание 2.0'!$A$2,'Задание 2.0'!$E$2)*'Задание 2.0'!$F$2,ABS('Задание 2.0'!$D$2-'Задание 2.0'!$A$2)*3) -> 1.43304 | E77: =LOG(GCD('Задание 2.0'!$A$2,'Задание 2.0'!$E$2)*'Задание 2.0'!$F$2,ABS('Задание 2.0'!$D$2-'Задание 2.0'!$A$2)*3) -> 1.43304 | F77: =LOG(GCD('Задание 2.0'!$A$2,'Задание 2.0'!$E$2)*'Задание 2.0'!$F$2,ABS('Задание 2.0'!$D$2-'Задание 2.0'!$A$2)*3) -> 1.43304 | G77: =LOG(GCD('Задание 2.0'!$A$2,'Задание 2.0'!$E$2)*'Задание 2.0'!$F$2,ABS('Задание 2.0'!$D$2-'Задание 2.0'!$A$2)*3) -> 1.43304

Sheet Задание 2.2
A1: a | B1: 1
A2: b | B2: 1
B4: -7.5 | C4: -6 | D4: -4.5 | E4: -3 | F4: -1.5 | G4: 0 | H4: 1.5 | I4: 3 | J4: 4.5 | K4: 6 | L4: 7.5
A5: -5 | B5: =POWER(B$4,2)/POWER($B$1,2)+POWER($A5,2)/POWER($B$2,2) -> 81.25 | C5: =POWER(C$4,2)/POWER($B$1,2)+POWER($A5,2)/POWER($B$2,2) -> 61 | D5: =POWER(D$4,2)/POWER($B$1,2)+POWER($A5,2)/POWER($B$2,2) -> 45.25 | E5: =POWER(E$4,2)/POWER($B$1,2)+POWER($A5,2)/POWER($B$2,2) -> 34 | F5: =POWER(F$4,2)/POWER($B$1,2)+POWER($A5,2)/POWER($B$2,2) -> 27.25 | G5: =POWER(G$4,2)/POWER($B$1,2)+POWER($A5,2)/POWER($B$2,2) -> 25 | H5: =POWER(H$4,2)/POWER($B$1,2)+POWER($A5,2)/POWER($B$2,2) -> 27.25 | I5: =POWER(I$4,2)/POWER($B$1,2)+POWER($A5,2)/POWER($B$2,2) -> 34 | ... L5: =POWER(L$4,2)/POWER($B$1,2)+POWER($A5,2)/POWER($B$2,2) -> 81.25
A6: -4 | B6: =POWER(B$4,2)/POWER($B$1,2)+POWER($A6,2)/POWER($B$2,2) -> 72.25 | C6: =POWER(C$4,2)/POWER($B$1,2)+POWER($A6,2)/POWER($B$2,2) -> 52 | D6: =POWER(D$4,2)/POWER($B$1,2)+POWER($A6,2)/POWER($B$2,2) -> 36.25 | E6: =POWER(E$4,2)/POWER($B$1,2)+POWER($A6,2)/POWER($B$2,2) -> 25 | F6: =POWER(F$4,2)/POWER($B$1,2)+POWER($A6,2)/POWER($B$2,2) -> 18.25 | G6: =POWER(G$4,2)/POWER($B$1,2)+POWER($A6,2)/POWER($B$2,2) -> 16 | H6: =POWER(H$4,2)/POWER($B$1,2)+POWER($A6,2)/POWER($B$2,2) -> 18.25 | I6: =POWER(I$4,2)/POWER($B$1,2)+POWER($A6,2)/POWER($B$2,2) -> 25 | ... L6: =POWER(L$4,2)/POWER($B$1,2)+POWER($A6,2)/POWER($B$2,2) -> 72.25
A7: -3 | B7: =POWER(B$4,2)/POWER($B$1,2)+POWER($A7,2)/POWER($B$2,2) -> 65.25 | C7: =POWER(C$4,2)/POWER($B$1,2)+POWER($A7,2)/POWER($B$2,2) -> 45 | D7: =POWER(D$4,2)/POWER($B$1,2)+POWER($A7,2)/POWER($B$2,2) -> 29.25 | E7: =POWER(E$4,2)/POWER($B$1,2)+POWER($A7,2)/POWER($B$2,2) -> 18 | F7: =POWER(F$4,2)/POWER($B$1,2)+POWER($A7,2)/POWER($B$2,2) -> 11.25 | G7: =POWER(G$4,2)/POWER($B$1,2)+POWER($A7,2)/POWER($B$2,2) -> 9 | H7: =POWER(H$4,2)/POWER($B$1,2)+POWER($A7,2)/POWER($B$2,2) -> 11.25 | I7: =POWER(I$4,2)/POWER($B$1,2)+POWER($A7,2)/POWER($B$2,2) -> 18 | ... L7: =POWER(L$4,2)/POWER($B$1,2)+POWER($A7,2)/POWER($B$2,2) -> 65.25
A8: -2 | B8: =POWER(B$4,2)/POWER($B$1,2)+POWER($A8,2)/POWER($B$2,2) -> 60.25 | C8: =POWER(C$4,2)/POWER($B$1,2)+POWER($A8,2)/POWER($B$2,2) -> 40 | D8: =POWER(D$4,2)/POWER($B$1,2)+POWER($A8,2)/POWER($B$2,2) -> 24.25 | E8: =POWER(E$4,2)/POWER($B$1,2)+POWER($A8,2)/POWER($B$2,2) -> 13 | F8: =POWER(F$4,2)/POWER($B$1,2)+POWER($A8,2)/POWER($B$2,2) -> 6.25 | G8: =POWER(G$4,2)/POWER($B$1,2)+POWER($A8,2)/POWER($B$2,2) -> 4 | H8: =POWER(H$4,2)/POWER($B$1,2)+POWER($A8,2)/POWER($B$2,2) -> 6.25 | I8: =POWER(I$4,2)/POWER($B$1,2)+POWER($A8,2)/POWER($B$2,2) -> 13 | ... L8: =POWER(L$4,2)/POWER($B$1,2)+POWER($A8,2)/POWER($B$2,2) -> 60.25
A9: -1 | B9: =POWER(B$4,2)/POWER($B$1,2)+POWER($A9,2)/POWER($B$2,2) -> 57.25 | C9: =POWER(C$4,2)/POWER($B$1,2)+POWER($A9,2)/POWER($B$2,2) -> 37 | D9: =POWER(D$4,2)/POWER($B$1,2)+POWER($A9,2)/POWER($B$2,2) -> 21.25 | E9: =POWER(E$4,2)/POWER($B$1,2)+POWER($A9,2)/POWER($B$2,2) -> 10 | F9: =POWER(F$4,2)/POWER($B$1,2)+POWER($A9,2)/POWER($B$2,2) -> 3.25 | G9: =POWER(G$4,2)/POWER($B$1,2)+POWER($A9,2)/POWER($B$2,2) -> 1 | H9: =POWER(H$4,2)/POWER($B$1,2)+POWER($A9,2)/POWER($B$2,2) -> 3.25 | I9: =POWER(I$4,2)/POWER($B$1,2)+POWER($A9,2)/POWER($B$2,2) -> 10 | ... L9: =POWER(L$4,2)/POWER($B$1,2)+POWER($A9,2)/POWER($B$2,2) -> 57.25
A10: 0 | B10: =POWER(B$4,2)/POWER($B$1,2)+POWER($A10,2)/POWER($B$2,2) -> 56.25 | C10: =POWER(C$4,2)/POWER($B$1,2)+POWER($A10,2)/POWER($B$2,2) -> 36 | D10: =POWER(D$4,2)/POWER($B$1,2)+POWER($A10,2)/POWER($B$2,2) -> 20.25 | E10: =POWER(E$4,2)/POWER($B$1,2)+POWER($A10,2)/POWER($B$2,2) -> 9 | F10: =POWER(F$4,2)/POWER($B$1,2)+POWER($A10,2)/POWER($B$2,2) -> 2.25 | G10: =POWER(G$4,2)/POWER($B$1,2)+POWER($A10,2)/POWER($B$2,2) -> 0 | H10: =POWER(H$4,2)/POWER($B$1,2)+POWER($A10,2)/POWER($B$2,2) -> 2.25 | I10: =POWER(I$4,2)/POWER($B$1,2)+POWER($A10,2)/POWER($B$2,2) -> 9 | ... L10: =POWER(L$4,2)/POWER($B$1,2)+POWER($A10,2)/POWER($B$2,2) -> 56.25
A11: 1 | B11: =POWER(B$4,2)/POWER($B$1,2)+POWER($A11,2)/POWER($B$2,2) -> 57.25 | C11: =POWER(C$4,2)/POWER($B$1,2)+POWER($A11,2)/POWER($B$2,2) -> 37 | D11: =POWER(D$4,2)/POWER($B$1,2)+POWER($A11,2)/POWER($B$2,2) -> 21.25 | E11: =POWER(E$4,2)/POWER($B$1,2)+POWER($A11,2)/POWER($B$2,2) -> 10 | F11: =POWER(F$4,2)/POWER($B$1,2)+POWER($A11,2)/POWER($B$2,2) -> 3.25 | G11: =POWER(G$4,2)/POWER($B$1,2)+POWER($A11,2)/POWER($B$2,2) -> 1 | H11: =POWER(H$4,2)/POWER($B$1,2)+POWER($A11,2)/POWER($B$2,2) -> 3.25 | I11: =POWER(I$4,2)/POWER($B$1,2)+POWER($A11,2)/POWER($B$2,2) -> 10 | ... L11: =POWER(L$4,2)/POWER($B$1,2)+POWER($A11,2)/POWER($B$2,2) -> 57.25
A12: 2 | B12: =POWER(B$4,2)/POWER($B$1,2)+POWER($A12,2)/POWER($B$2,2) -> 60.25 | C12: =POWER(C$4,2)/POWER($B$1,2)+POWER($A12,2)/POWER($B$2,2) -> 40 | D12: =POWER(D$4,2)/POWER($B$1,2)+POWER($A12,2)/POWER($B$2,2) -> 24.25 | E12: =POWER(E$4,2)/POWER($B$1,2)+POWER($A12,2)/POWER($B$2,2) -> 13 | F12: =POWER(F$4,2)/POWER($B$1,2)+POWER($A12,2)/POWER($B$2,2) -> 6.25 | G12: =POWER(G$4,2)/POWER($B$1,2)+POWER($A12,2)/POWER($B$2,2) -> 4 | H12: =POWER(H$4,2)/POWER($B$1,2)+POWER($A12,2)/POWER($B$2,2) -> 6.25 | I12: =POWER(I$4,2)/POWER($B$1,2)+POWER($A12,2)/POWER($B$2,2) -> 13 | ... L12: =POWER(L$4,2)/POWER($B$1,2)+POWER($A12,2)/POWER($B$2,2) -> 60.25
A13: 3 | B13: =POWER(B$4,2)/POWER($B$1,2)+POWER($A13,2)/POWER($B$2,2) -> 65.25 | C13: =POWER(C$4,2)/POWER($B$1,2)+POWER($A13,2)/POWER($B$2,2) -> 45 | D13: =POWER(D$4,2)/POWER($B$1,2)+POWER($A13,2)/POWER($B$2,2) -> 29.25 | E13: =POWER(E$4,2)/POWER($B$1,2)+POWER($A13,2)/POWER($B$2,2) -> 18 | F13: =POWER(F$4,2)/POWER($B$1,2)+POWER($A13,2)/POWER($B$2,2) -> 11.25 | G13: =POWER(G$4,2)/POWER($B$1,2)+POWER($A13,2)/POWER($B$2,2) -> 9 | H13: =POWER(H$4,2)/POWER($B$1,2)+POWER($A13,2)/POWER($B$2,2) -> 11.25 | I13: =POWER(I$4,2)/POWER($B$1,2)+POWER($A13,2)/POWER($B$2,2) -> 18 | ... L13: =POWER(L$4,2)/POWER($B$1,2)+POWER($A13,2)/POWER($B$2,2) -> 65.25
A14: 4 | B14: =POWER(B$4,2)/POWER($B$1,2)+POWER($A14,2)/POWER($B$2,2) -> 72.25 | C14: =POWER(C$4,2)/POWER($B$1,2)+POWER($A14,2)/POWER($B$2,2) -> 52 | D14: =POWER(D$4,2)/POWER($B$1,2)+POWER($A14,2)/POWER($B$2,2) -> 36.25 | E14: =POWER(E$4,2)/POWER($B$1,2)+POWER($A14,2)/POWER($B$2,2) -> 25 | F14: =POWER(F$4,2)/POWER($B$1,2)+POWER($A14,2)/POWER($B$2,2) -> 18.25 | G14: =POWER(G$4,2)/POWER($B$1,2)+POWER($A14,2)/POWER($B$2,2) -> 16 | H14: =POWER(H$4,2)/POWER($B$1,2)+POWER($A14,2)/POWER($B$2,2) -> 18.25 | I14: =POWER(I$4,2)/POWER($B$1,2)+POWER($A14,2)/POWER($B$2,2) -> 25 | ... L14: =POWER(L$4,2)/POWER($B$1,2)+POWER($A14,2)/POWER($B$2,2) -> 72.25
A15: 5 | B15: =POWER(B$4,2)/POWER($B$1,2)+POWER($A15,2)/POWER($B$2,2) -> 81.25 | C15: =POWER(C$4,2)/POWER($B$1,2)+POWER($A15,2)/POWER($B$2,2) -> 61 | D15: =POWER(D$4,2)/POWER($B$1,2)+POWER($A15,2)/POWER($B$2,2) -> 45.25 | E15: =POWER(E$4,2)/POWER($B$1,2)+POWER($A15,2)/POWER($B$2,2) -> 34 | F15: =POWER(F$4,2)/POWER($B$1,2)+POWER($A15,2)/POWER($B$2,2) -> 27.25 | G15: =POWER(G$4,2)/POWER($B$1,2)+POWER($A15,2)/POWER($B$2,2) -> 25 | H15: =POWER(H$4,2)/POWER($B$1,2)+POWER($A15,2)/POWER($B$2,2) -> 27.25 | I15: =POWER(I$4,2)/POWER($B$1,2)+POWER($A15,2)/POWER($B$2,2) -> 34 | ... L15: =POWER(L$4,2)/POWER($B$1,2)+POWER($A15,2)/POWER($B$2,2) -> 81.25

Sheet Задание 2.2 (2)
A1: a | B1: 5
A2: b | B2: 10
B4: -7.5 | C4: -6 | D4: -4.5 | E4: -3 | F4: -1.5 | G4: 0 | H4: 1.5 | I4: 3 | J4: 4.5 | K4: 6 | L4: 7.5
A5: -5 | B5: =POWER(B$4,2)/POWER($B$1,2)+POWER($A5,2)/POWER($B$2,2) -> 2.5 | C5: =POWER(C$4,2)/POWER($B$1,2)+POWER($A5,2)/POWER($B$2,2) -> 1.69 | D5: =POWER(D$4,2)/POWER($B$1,2)+POWER($A5,2)/POWER($B$2,2) -> 1.06 | E5: =POWER(E$4,2)/POWER($B$1,2)+POWER($A5,2)/POWER($B$2,2) -> 0.61 | F5: =POWER(F$4,2)/POWER($B$1,2)+POWER($A5,2)/POWER($B$2,2) -> 0.34 | G5: =POWER(G$4,2)/POWER($B$1,2)+POWER($A5,2)/POWER($B$2,2) -> 0.25 | H5: =POWER(H$4,2)/POWER($B$1,2)+POWER($A5,2)/POWER($B$2,2) -> 0.34 | I5: =POWER(I$4,2)/POWER($B$1,2)+POWER($A5,2)/POWER($B$2,2) -> 0.61 | ... L5: =POWER(L$4,2)/POWER($B$1,2)+POWER($A5,2)/POWER($B$2,2) -> 2.5
A6: -4 | B6: =POWER(B$4,2)/POWER($B$1,2)+POWER($A6,2)/POWER($B$2,2) -> 2.41 | C6: =POWER(C$4,2)/POWER($B$1,2)+POWER($A6,2)/POWER($B$2,2) -> 1.6 | D6: =POWER(D$4,2)/POWER($B$1,2)+POWER($A6,2)/POWER($B$2,2) -> 0.97 | E6: =POWER(E$4,2)/POWER($B$1,2)+POWER($A6,2)/POWER($B$2,2) -> 0.52 | F6: =POWER(F$4,2)/POWER($B$1,2)+POWER($A6,2)/POWER($B$2,2) -> 0.25 | G6: =POWER(G$4,2)/POWER($B$1,2)+POWER($A6,2)/POWER($B$2,2) -> 0.16 | H6: =POWER(H$4,2)/POWER($B$1,2)+POWER($A6,2)/POWER($B$2,2) -> 0.25 | I6: =POWER(I$4,2)/POWER($B$1,2)+POWER($A6,2)/POWER($B$2,2) -> 0.52 | ... L6: =POWER(L$4,2)/POWER($B$1,2)+POWER($A6,2)/POWER($B$2,2) -> 2.41
A7: -3 | B7: =POWER(B$4,2)/POWER($B$1,2)+POWER($A7,2)/POWER($B$2,2) -> 2.34 | C7: =POWER(C$4,2)/POWER($B$1,2)+POWER($A7,2)/POWER($B$2,2) -> 1.53 | D7: =POWER(D$4,2)/POWER($B$1,2)+POWER($A7,2)/POWER($B$2,2) -> 0.9 | E7: =POWER(E$4,2)/POWER($B$1,2)+POWER($A7,2)/POWER($B$2,2) -> 0.45 | F7: =POWER(F$4,2)/POWER($B$1,2)+POWER($A7,2)/POWER($B$2,2) -> 0.18 | G7: =POWER(G$4,2)/POWER($B$1,2)+POWER($A7,2)/POWER($B$2,2) -> 0.09 | H7: =POWER(H$4,2)/POWER($B$1,2)+POWER($A7,2)/POWER($B$2,2) -> 0.18 | I7: =POWER(I$4,2)/POWER($B$1,2)+POWER($A7,2)/POWER($B$2,2) -> 0.45 | ... L7: =POWER(L$4,2)/POWER($B$1,2)+POWER($A7,2)/POWER($B$2,2) -> 2.34
A8: -2 | B8: =POWER(B$4,2)/POWER($B$1,2)+POWER($A8,2)/POWER($B$2,2) -> 2.29 | C8: =POWER(C$4,2)/POWER($B$1,2)+POWER($A8,2)/POWER($B$2,2) -> 1.48 | D8: =POWER(D$4,2)/POWER($B$1,2)+POWER($A8,2)/POWER($B$2,2) -> 0.85 | E8: =POWER(E$4,2)/POWER($B$1,2)+POWER($A8,2)/POWER($B$2,2) -> 0.4 | F8: =POWER(F$4,2)/POWER($B$1,2)+POWER($A8,2)/POWER($B$2,2) -> 0.13 | G8: =POWER(G$4,2)/POWER($B$1,2)+POWER($A8,2)/POWER($B$2,2) -> 0.04 | H8: =POWER(H$4,2)/POWER($B$1,2)+POWER($A8,2)/POWER($B$2,2) -> 0.13 | I8: =POWER(I$4,2)/POWER($B$1,2)+POWER($A8,2)/POWER($B$2,2) -> 0.4 | ... L8: =POWER(L$4,2)/POWER($B$1,2)+POWER($A8,2)/POWER($B$2,2) -> 2.29
A9: -1 | B9: =POWER(B$4,2)/POWER($B$1,2)+POWER($A9,2)/POWER($B$2,2) -> 2.26 | C9: =POWER(C$4,2)/POWER($B$1,2)+POWER($A9,2)/POWER($B$2,2) -> 1.45 | D9: =POWER(D$4,2)/POWER($B$1,2)+POWER($A9,2)/POWER($B$2,2) -> 0.82 | E9: =POWER(E$4,2)/POWER($B$1,2)+POWER($A9,2)/POWER($B$2,2) -> 0.37 | F9: =POWER(F$4,2)/POWER($B$1,2)+POWER($A9,2)/POWER($B$2,2) -> 0.1 | G9: =POWER(G$4,2)/POWER($B$1,2)+POWER($A9,2)/POWER($B$2,2) -> 0.01 | H9: =POWER(H$4,2)/POWER($B$1,2)+POWER($A9,2)/POWER($B$2,2) -> 0.1 | I9: =POWER(I$4,2)/POWER($B$1,2)+POWER($A9,2)/POWER($B$2,2) -> 0.37 | ... L9: =POWER(L$4,2)/POWER($B$1,2)+POWER($A9,2)/POWER($B$2,2) -> 2.26
A10: 0 | B10: =POWER(B$4,2)/POWER($B$1,2)+POWER($A10,2)/POWER($B$2,2) -> 2.25 | C10: =POWER(C$4,2)/POWER($B$1,2)+POWER($A10,2)/POWER($B$2,2) -> 1.44 | D10: =POWER(D$4,2)/POWER($B$1,2)+POWER($A10,2)/POWER($B$2,2) -> 0.81 | E10: =POWER(E$4,2)/POWER($B$1,2)+POWER($A10,2)/POWER($B$2,2) -> 0.36 | F10: =POWER(F$4,2)/POWER($B$1,2)+POWER($A10,2)/POWER($B$2,2) -> 0.09 | G10: =POWER(G$4,2)/POWER($B$1,2)+POWER($A10,2)/POWER($B$2,2) -> 0 | H10: =POWER(H$4,2)/POWER($B$1,2)+POWER($A10,2)/POWER($B$2,2) -> 0.09 | I10: =POWER(I$4,2)/POWER($B$1,2)+POWER($A10,2)/POWER($B$2,2) -> 0.36 | ... L10: =POWER(L$4,2)/POWER($B$1,2)+POWER($A10,2)/POWER($B$2,2) -> 2.25
A11: 1 | B11: =POWER(B$4,2)/POWER($B$1,2)+POWER($A11,2)/POWER($B$2,2) -> 2.26 | C11: =POWER(C$4,2)/POWER($B$1,2)+POWER($A11,2)/POWER($B$2,2) -> 1.45 | D11: =POWER(D$4,2)/POWER($B$1,2)+POWER($A11,2)/POWER($B$2,2) -> 0.82 | E11: =POWER(E$4,2)/POWER($B$1,2)+POWER($A11,2)/POWER($B$2,2) -> 0.37 | F11: =POWER(F$4,2)/POWER($B$1,2)+POWER($A11,2)/POWER($B$2,2) -> 0.1 | G11: =POWER(G$4,2)/POWER($B$1,2)+POWER($A11,2)/POWER($B$2,2) -> 0.01 | H11: =POWER(H$4,2)/POWER($B$1,2)+POWER($A11,2)/POWER($B$2,2) -> 0.1 | I11: =POWER(I$4,2)/POWER($B$1,2)+POWER($A11,2)/POWER($B$2,2) -> 0.37 | ... L11: =POWER(L$4,2)/POWER($B$1,2)+POWER($A11,2)/POWER($B$2,2) -> 2.26
A12: 2 | B12: =POWER(B$4,2)/POWER($B$1,2)+POWER($A12,2)/POWER($B$2,2) -> 2.29 | C12: =POWER(C$4,2)/POWER($B$1,2)+POWER($A12,2)/POWER($B$2,2) -> 1.48 | D12: =POWER(D$4,2)/POWER($B$1,2)+POWER($A12,2)/POWER($B$2,2) -> 0.85 | E12: =POWER(E$4,2)/POWER($B$1,2)+POWER($A12,2)/POWER($B$2,2) -> 0.4 | F12: =POWER(F$4,2)/POWER($B$1,2)+POWER($A12,2)/POWER($B$2,2) -> 0.13 | G12: =POWER(G$4,2)/POWER($B$1,2)+POWER($A12,2)/POWER($B$2,2) -> 0.04 | H12: =POWER(H$4,2)/POWER($B$1,2)+POWER($A12,2)/POWER($B$2,2) -> 0.13 | I12: =POWER(I$4,2)/POWER($B$1,2)+POWER($A12,2)/POWER($B$2,2) -> 0.4 | ... L12: =POWER(L$4,2)/POWER($B$1,2)+POWER($A12,2)/POWER($B$2,2) -> 2.29
A13: 3 | B13: =POWER(B$4,2)/POWER($B$1,2)+POWER($A13,2)/POWER($B$2,2) -> 2.34 | C13: =POWER(C$4,2)/POWER($B$1,2)+POWER($A13,2)/POWER($B$2,2) -> 1.53 | D13: =POWER(D$4,2)/POWER($B$1,2)+POWER($A13,2)/POWER($B$2,2) -> 0.9 | E13: =POWER(E$4,2)/POWER($B$1,2)+POWER($A13,2)/POWER($B$2,2) -> 0.45 | F13: =POWER(F$4,2)/POWER($B$1,2)+POWER($A13,2)/POWER($B$2,2) -> 0.18 | G13: =POWER(G$4,2)/POWER($B$1,2)+POWER($A13,2)/POWER($B$2,2) -> 0.09 | H13: =POWER(H$4,2)/POWER($B$1,2)+POWER($A13,2)/POWER($B$2,2) -> 0.18 | I13: =POWER(I$4,2)/POWER($B$1,2)+POWER($A13,2)/POWER($B$2,2) -> 0.45 | ... L13: =POWER(L$4,2)/POWER($B$1,2)+POWER($A13,2)/POWER($B$2,2) -> 2.34
A14: 4 | B14: =POWER(B$4,2)/POWER($B$1,2)+POWER($A14,2)/POWER($B$2,2) -> 2.41 | C14: =POWER(C$4,2)/POWER($B$1,2)+POWER($A14,2)/POWER($B$2,2) -> 1.6 | D14: =POWER(D$4,2)/POWER($B$1,2)+POWER($A14,2)/POWER($B$2,2) -> 0.97 | E14: =POWER(E$4,2)/POWER($B$1,2)+POWER($A14,2)/POWER($B$2,2) -> 0.52 | F14: =POWER(F$4,2)/POWER($B$1,2)+POWER($A14,2)/POWER($B$2,2) -> 0.25 | G14: =POWER(G$4,2)/POWER($B$1,2)+POWER($A14,2)/POWER($B$2,2) -> 0.16 | H14: =POWER(H$4,2)/POWER($B$1,2)+POWER($A14,2)/POWER($B$2,2) -> 0.25 | I14: =POWER(I$4,2)/POWER($B$1,2)+POWER($A14,2)/POWER($B$2,2) -> 0.52 | ... L14: =POWER(L$4,2)/POWER($B$1,2)+POWER($A14,2)/POWER($B$2,2) -> 2.41
A15: 5 | B15: =POWER(B$4,2)/POWER($B$1,2)+POWER($A15,2)/POWER($B$2,2) -> 2.5 | C15: =POWER(C$4,2)/POWER($B$1,2)+POWER($A15,2)/POWER($B$2,2) -> 1.69 | D15: =POWER(D$4,2)/POWER($B$1,2)+POWER($A15,2)/POWER($B$2,2) -> 1.06 | E15: =POWER(E$4,2)/POWER($B$1,2)+POWER($A15,2)/POWER($B$2,2) -> 0.61 | F15: =POWER(F$4,2)/POWER($B$1,2)+POWER($A15,2)/POWER($B$2,2) -> 0.34 | G15: =POWER(G$4,2)/POWER($B$1,2)+POWER($A15,2)/POWER($B$2,2) -> 0.25 | H15: =POWER(H$4,2)/POWER($B$1,2)+POWER($A15,2)/POWER($B$2,2) -> 0.34 | I15: =POWER(I$4,2)/POWER($B$1,2)+POWER($A15,2)/POWER($B$2,2) -> 0.61 | ... L15: =POWER(L$4,2)/POWER($B$1,2)+POWER($A15,2)/POWER($B$2,2) -> 2.5
K17: Вывод: При изменении параметров а и b по знаку график не изменяется, где значение модуля а и b-const.( a=±|c|, b=±|d|).
